Date,Fed_Funds,Unemployment,Industrial_Production,Yield_10Y,Housing,Oil_WTI,VIX,Dollar_Index,Nasdaq,Gold,CPI_Inflation
1971-01-01,4.14,5.9,37.5753,6.24,,,,,,38.0,5.277
1971-02-01,3.72,5.9,37.5037,6.11,,,,,100.9633,39.0,4.7244
1971-03-01,3.71,6.0,37.4631,5.7,,,,,104.4704,39.0,4.4386
1971-04-01,4.16,5.9,37.6735,5.83,,,,,109.5552,39.0,4.1558
1971-05-01,4.63,5.9,37.8646,6.39,,,,,109.5705,41.0,4.4041
1971-06-01,4.91,5.9,38.0234,6.52,,,,,108.5677,40.0,4.3814
1971-07-01,5.31,6.0,37.9131,6.73,,,,,109.3033,41.0,4.3702
1971-08-01,5.57,6.1,37.693,6.58,,,,,106.5132,43.0,4.359
1971-09-01,5.55,6.0,38.3056,6.14,,,,,109.5238,42.0,4.0816
1971-10-01,5.2,5.8,38.5924,5.93,,,,,108.41,43.0,3.8071
1971-11-01,4.91,6.0,38.7561,5.81,,,,,103.5852,43.0,3.5354
1971-12-01,4.14,6.0,39.2035,5.93,,,,,109.8082,43.0,3.2663
1972-01-01,3.51,5.8,40.1408,5.95,,,,,116.5433,46.0,3.2581
1972-02-01,3.3,5.7,40.5459,6.08,,,,,122.6645,48.0,3.7594
1972-03-01,3.83,5.8,40.8263,6.07,,,,,127.5482,48.0,3.5
1972-04-01,4.17,5.7,41.2348,6.19,,,,,131.8145,49.0,3.4913
1972-05-01,4.27,5.7,41.2405,6.13,,,,,130.4964,55.0,3.2258
1972-06-01,4.46,5.7,41.3497,6.11,,,,,130.9791,62.0,2.963
1972-07-01,4.55,5.6,41.3035,6.11,,,,,129.1825,66.0,2.9557
1972-08-01,4.81,5.6,41.879,6.21,,,,,130.6187,67.0,2.9484
1972-09-01,4.87,5.5,42.2132,6.55,,,,,128.284,65.0,3.1863
1972-10-01,5.05,5.6,42.7494,6.48,,,,,128.395,65.0,3.1785
1972-11-01,5.06,5.3,43.2548,6.28,,,,,132.6745,63.0,3.4146
1972-12-01,5.33,5.2,43.7367,6.36,,,,,133.3121,64.0,3.4063
1973-01-01,5.94,4.9,44.0529,6.46,,,,,133.529,65.0,3.6408
1973-02-01,6.58,5.0,44.6827,6.64,,,,,124.4968,74.0,3.8647
1973-03-01,7.09,4.9,44.7045,6.71,,,,,119.5827,84.0,4.8309
1973-04-01,7.12,5.0,44.6387,6.67,,,,,112.95,91.0,5.3012
1973-05-01,7.84,4.9,44.9429,6.85,,,,,106.3709,102.0,5.5288
1973-06-01,8.49,4.9,45.0035,6.9,,,,,101.7529,120.0,5.9952
1973-07-01,10.4,4.8,45.1636,7.13,,,,,104.6862,120.0,5.7416
1973-08-01,10.5,4.8,45.1019,7.4,,,,,104.3896,107.0,7.3986
1973-09-01,10.78,4.8,45.4624,7.09,,,,,107.6426,103.0,7.3634
1973-10-01,10.01,4.6,45.847,6.79,,,,,112.3574,100.0,8.0569
1973-11-01,10.03,4.8,46.0553,6.73,,,,,101.2919,95.0,8.2547
1973-12-01,9.95,4.9,45.923,6.74,,,,,90.7925,107.0,8.9412
1974-01-01,9.65,5.1,45.6204,6.99,,,,,94.2091,129.0,9.6019
1974-02-01,8.97,5.2,45.4759,6.96,,,,,92.2037,150.0,10.0
1974-03-01,9.35,5.1,45.4777,7.21,,,,,94.9652,168.0,10.1382
1974-04-01,10.51,5.1,45.3451,7.51,,,,,89.589,172.0,10.0686
1974-05-01,11.31,5.1,45.7044,7.58,,,,,83.3973,163.0,10.7062
1974-06-01,11.93,5.4,45.6238,7.54,,,,,81.0015,154.0,10.8597
1974-07-01,12.92,5.5,45.7221,7.81,,,,,72.435,143.0,11.5385
1974-08-01,12.01,5.5,45.2366,8.04,,,,,66.5823,155.0,10.8889
1974-09-01,11.34,5.9,45.2365,8.04,,,,,58.642,152.0,11.9469
1974-10-01,10.06,6.0,45.1133,7.9,,,,,60.5752,159.0,11.8421
1974-11-01,9.45,6.6,43.6278,7.68,,,,,63.9425,182.0,12.2004
1974-12-01,8.53,7.2,42.0533,7.43,,,,,59.1619,184.0,12.095
1975-01-01,7.13,8.1,41.4676,7.5,,,,,64.4573,176.0,11.7521
1975-02-01,6.24,8.1,40.5165,7.39,,,,,72.0832,179.6,11.2051
1975-03-01,5.54,8.6,40.0638,7.73,,,,,75.057,178.0,10.4603
1975-04-01,5.49,8.8,40.1573,8.23,,,,,76.975,170.0,10.1871
1975-05-01,5.22,9.0,40.0253,8.06,,,,,81.8476,167.0,9.2593
1975-06-01,5.55,8.8,40.2772,7.86,,,,,84.6414,164.0,9.1837
1975-07-01,6.1,8.6,40.6994,8.06,,,,,85.62,165.0,9.5335
1975-08-01,6.14,8.4,41.0998,8.4,,,,,78.4076,163.0,8.6172
1975-09-01,6.24,8.4,41.6304,8.43,,,,,75.9148,144.0,7.9051
1975-10-01,5.82,8.4,41.8135,8.14,,,,,77.2583,143.0,7.6471
1975-11-01,5.22,8.3,41.8697,8.05,,,,,78.0405,142.0,7.3786
1975-12-01,5.2,8.2,42.4414,8.0,,,,,75.9082,139.0,7.1291
1976-01-01,4.87,7.9,43.0012,7.74,,,,,83.3771,131.05,6.6922
1976-02-01,4.77,7.7,43.4229,7.79,,,,,89.3021,131.0,6.2738
1976-03-01,4.84,7.6,43.5168,7.73,,,,,90.2413,133.0,6.0606
1976-04-01,4.82,7.7,43.7327,7.56,,,,,90.1414,128.0,5.8491
1976-05-01,5.29,7.4,43.9186,7.9,,,,,89.291,127.0,6.2147
1976-06-01,5.48,7.6,43.9637,7.86,,,,,88.7668,126.0,5.9813
1976-07-01,5.31,7.8,44.2141,7.83,,,,,91.4476,118.0,5.5556
1976-08-01,5.29,7.8,44.5182,7.77,,,,,90.8709,110.0,5.7196
1976-09-01,5.25,7.6,44.6721,7.59,,,,,91.4057,114.0,5.4945
1976-10-01,5.02,7.7,44.6585,7.41,,,,,89.5,116.0,5.4645
1976-11-01,4.95,7.8,45.3392,7.29,,,,,89.5315,130.0,5.0633
1976-12-01,4.65,7.8,45.8294,6.87,,,,,94.5518,134.0,5.036
1977-01-01,4.61,7.5,45.5087,7.21,,,,,96.8981,132.0,5.1971
1977-02-01,4.68,7.6,46.2277,7.39,,,,,96.09,136.0,6.0823
1977-03-01,4.69,7.4,46.8185,7.46,,,,,95.7013,148.0,6.4286
1977-04-01,4.73,7.2,47.2684,7.37,,,,,95.0045,149.0,6.9519
1977-05-01,5.35,7.0,47.6411,7.46,,,,,96.9448,147.0,6.7376
1977-06-01,5.39,7.2,48.0116,7.28,,,,,97.8655,141.0,6.7019
1977-07-01,5.42,6.9,48.073,7.33,,,,,101.3489,143.0,6.6667
1977-08-01,5.9,7.0,48.1205,7.4,,,,,100.5796,145.0,6.6318
1977-09-01,6.14,6.8,48.3189,7.34,,,,,100.4133,149.53,6.4236
1977-10-01,6.47,6.8,48.3871,7.52,,,,,99.2471,159.0,6.3903
1977-11-01,6.51,6.8,48.4761,7.58,,,,,100.6919,162.0,6.7126
1977-12-01,6.56,6.4,48.5629,7.69,,,,,103.7105,160.0,6.6781
1978-01-01,6.7,6.4,47.8481,7.96,,,,,100.7805,173.0,6.8143
1978-02-01,6.78,6.3,48.1044,8.03,,,,,102.4447,178.0,6.2395
1978-03-01,6.79,6.3,49.0265,8.04,,,,,104.01,184.0,6.3758
1978-04-01,6.89,6.1,50.0206,8.15,,,,,110.7685,175.0,6.5
1978-05-01,7.36,6.0,50.254,8.35,,,,,119.0773,176.0,7.1429
1978-06-01,7.6,5.9,50.5801,8.46,,,,,122.0118,184.0,7.438
1978-07-01,7.81,6.2,50.5384,8.64,,,,,122.119,189.0,7.7303
1978-08-01,8.04,5.9,50.7458,8.41,,,,,132.54,206.0,7.856
1978-09-01,8.45,6.0,50.8744,8.42,,,,,135.2345,212.08,8.4829
1978-10-01,8.96,5.8,51.2559,8.64,,,,,127.6777,227.0,8.9286
1978-11-01,9.76,5.9,51.6514,8.81,,,,,114.1224,206.0,8.871
1978-12-01,10.03,6.0,51.909,9.01,,,,,117.2485,208.0,8.9888
1979-01-01,10.07,5.9,51.6278,9.1,,,,,123.7182,227.0,9.2504
1979-02-01,10.06,5.9,51.8752,9.1,,,,,124.5489,246.0,9.8413
1979-03-01,10.09,5.8,52.0446,9.12,,,,,128.0805,242.0,10.2524
1979-04-01,10.01,5.8,51.4193,9.18,,,,,133.4455,239.11,10.4851
1979-05-01,10.24,5.6,51.8856,9.25,,,,,131.3486,258.0,10.6977
1979-06-01,10.29,5.7,51.8965,8.91,,,,,135.6395,279.0,11.0769
1979-07-01,10.47,5.7,51.8097,8.95,,,,,138.5805,295.0,11.4504
1979-08-01,10.94,6.0,51.4684,9.03,,,,,146.6857,301.0,11.8361
1979-09-01,11.43,5.9,51.4597,9.33,,,,,149.2037,355.0,11.8797
1979-10-01,13.77,6.0,51.8334,10.3,,,,,140.5265,392.0,12.0715
1979-11-01,13.18,5.9,51.7531,10.65,,,,,138.7829,392.0,12.5926
1979-12-01,13.78,6.0,51.7878,10.39,,,,,148.7485,455.0,13.2548
1980-01-01,13.82,6.3,52.0679,10.8,,,,,155.1409,675.0,13.8686
1980-02-01,14.13,6.3,52.082,12.41,,,,,161.644,665.0,14.1618
1980-03-01,17.19,6.3,51.87,12.75,,,,,141.1005,554.0,14.5923
1980-04-01,17.61,6.9,50.8397,11.47,,,,,136.2867,517.0,14.5892
1980-05-01,10.98,7.5,49.589,10.18,,,,,145.6848,514.0,14.4258
1980-06-01,9.47,7.6,48.9482,9.78,,,,,155.429,601.0,14.2659
1980-07-01,9.03,7.8,48.6039,10.25,,,,,166.9259,643.0,13.1507
1980-08-01,9.61,7.7,48.7563,11.1,,,,,177.729,627.0,12.8901
1980-09-01,10.87,7.5,49.5608,11.51,,,,,189.4857,674.0,12.7688
1980-10-01,12.81,7.5,50.1908,11.75,,,,,195.7578,661.0,12.633
1980-11-01,15.85,7.5,51.0311,12.68,,,,,200.6856,625.0,12.6316
1980-12-01,18.9,7.2,51.3708,12.84,,,,,198.3986,538.0,12.3537
1981-01-01,19.08,7.5,51.0415,12.57,,,,,198.8176,557.39,11.7949
1981-02-01,15.93,7.4,50.824,13.19,,,,,194.8521,500.0,11.3924
1981-03-01,14.7,7.4,51.0826,13.12,,,,,203.5932,499.0,10.6117
1981-04-01,15.72,7.2,50.858,13.68,,,,,215.12,496.0,10.136
1981-05-01,18.52,7.5,51.1495,14.1,,,,,216.5435,480.0,9.7919
1981-06-01,19.1,7.5,51.4101,13.47,,,,,220.0405,461.0,9.697
1981-07-01,19.04,7.2,51.7471,14.28,,,,,209.7209,409.0,10.7748
1981-08-01,17.82,7.4,51.6826,14.94,,,,,206.6262,410.0,10.8173
1981-09-01,15.87,7.6,51.4337,15.32,,,,,185.3724,444.0,10.9654
1981-10-01,15.08,7.9,51.0281,15.15,,,,,190.2014,438.0,10.2715
1981-11-01,13.31,8.3,50.435,13.39,,,,,199.229,413.0,9.5794
1981-12-01,12.37,8.5,49.8987,13.72,,,,,197.1495,410.0,8.912
1982-01-01,13.22,8.6,48.8685,14.59,,,,,187.6785,384.0,8.2569
1982-02-01,14.78,8.9,49.8636,14.43,,,,,182.6284,374.0,7.6136
1982-03-01,14.68,9.0,49.5323,13.86,,,,,173.2839,330.0,6.8849
1982-04-01,14.94,9.3,49.075,13.87,,,,,181.8443,350.0,6.6218
1982-05-01,14.45,9.4,48.7483,13.62,,,,,184.607,334.0,6.9119
1982-06-01,14.15,9.6,48.6214,14.3,,,,,172.075,315.0,7.1823
1982-07-01,12.59,9.8,48.4616,13.95,,,,,169.6252,339.0,6.5574
1982-08-01,10.12,9.8,48.0192,13.06,,,,,167.3827,364.0,5.9653
1982-09-01,10.31,10.1,47.9008,12.34,,,,,185.0929,437.0,4.9409
1982-10-01,9.71,10.4,47.4371,10.91,,,,,203.8619,422.0,5.0321
1982-11-01,9.2,10.8,47.283,10.55,,,,,226.9705,415.0,4.4776
1982-12-01,8.95,10.8,46.9485,10.54,,,,,233.0305,445.0,3.8257
1983-01-01,8.68,10.4,47.8234,10.46,,,,,241.4781,481.0,3.7076
1983-02-01,8.51,10.4,47.5233,10.72,,,,,256.0584,491.0,3.4847
1983-03-01,8.77,10.3,47.9244,10.51,,,,,266.4522,420.0,3.5903
1983-04-01,8.8,10.2,48.5311,10.4,,,,,279.528,433.0,4.0
1983-05-01,8.63,10.1,48.8239,10.38,,,,,302.4381,438.0,3.4411
1983-06-01,8.98,10.1,49.123,10.85,,,,,319.3491,413.0,2.4742
1983-07-01,9.37,9.4,49.8546,11.38,,,,,316.094,403.0,2.359
1983-08-01,9.56,9.5,50.4443,11.85,,,,,296.8739,416.0,2.4565
1983-09-01,9.45,9.2,51.178,11.65,,,,,300.37,412.0,2.7636
1983-10-01,9.48,8.8,51.5693,11.54,,,,,286.7229,394.0,2.7523
1983-11-01,9.34,8.5,51.7993,11.69,,,,,278.6667,382.0,3.1633
1983-12-01,9.47,8.3,52.0594,11.83,,,,,278.6557,388.0,3.7871
1984-01-01,9.56,8.0,53.0985,11.67,,,,,282.0043,371.0,4.2901
1984-02-01,9.59,7.8,53.3318,11.84,,,,,254.3865,386.0,4.6939
1984-03-01,9.91,7.8,53.5929,12.32,,,,,251.25,394.0,4.893
1984-04-01,10.29,7.7,53.91,12.63,,,,,245.207,381.0,4.5547
1984-05-01,10.32,7.4,54.2026,13.41,,,,,245.2432,377.0,4.3347
1984-06-01,11.06,7.2,54.4014,13.56,,,,,238.5162,378.0,4.326
1984-07-01,11.23,7.5,54.5521,13.36,,,,,232.4038,348.0,4.3086
1984-08-01,11.64,7.5,54.6083,12.72,,,,,250.3461,348.0,4.2957
1984-09-01,11.3,7.3,54.4466,12.52,,,,,252.0047,340.0,4.2829
1984-10-01,9.99,7.4,54.4406,12.16,,,,,247.1539,341.0,4.2659
1984-11-01,9.43,7.2,54.624,11.57,,,,,246.3981,342.0,4.1543
1984-12-01,8.38,7.3,54.6416,11.5,,,,,241.912,320.0,4.0434
1985-01-01,8.35,7.3,54.6322,11.38,,,,,260.7986,303.0,3.526
1985-02-01,8.5,7.2,54.7825,11.51,,,,,285.5211,299.0,3.6062
1985-03-01,8.58,7.2,54.8653,11.86,,,,,280.7967,314.0,3.7901
1985-04-01,8.27,7.3,54.7459,11.43,,,,,280.8948,327.0,3.5818
1985-05-01,7.97,7.2,54.8255,10.85,,,,,287.4605,316.0,3.5749
1985-06-01,7.53,7.4,54.7989,10.16,,,,,290.4375,317.0,3.6644
1985-07-01,7.88,7.4,54.5396,10.31,,,,,302.0427,317.0,3.4582
1985-08-01,7.9,7.1,54.7055,10.33,,,,,298.2473,330.0,3.3525
1985-09-01,7.92,7.1,54.8906,10.37,,,,,287.9332,323.0,3.2474
1985-10-01,7.99,7.1,54.7199,10.24,,,,,285.3583,326.0,3.235
1985-11-01,8.05,7.0,54.9124,9.78,,,,,304.3525,322.0,3.5138
1985-12-01,8.27,7.0,55.4412,9.26,,,,,320.2324,322.0,3.7915
1986-01-01,8.14,6.7,55.7481,9.19,,22.93,,,328.5209,347.0,3.9735
1986-02-01,7.86,7.2,55.3568,8.7,,15.46,,,348.7863,339.0,3.1985
1986-03-01,7.48,7.2,54.9625,7.78,,12.61,,,368.2315,346.0,2.1536
1986-04-01,6.99,7.1,55.0413,7.3,,12.84,,,382.5414,340.0,1.5888
1986-05-01,6.85,7.2,55.1226,7.71,,15.38,,,388.4871,342.0,1.6791
1986-06-01,6.92,7.2,54.9005,7.8,,13.43,,,398.5952,343.0,1.7674
1986-07-01,6.56,7.0,55.2592,7.3,,11.59,,,385.8855,348.0,1.6713
1986-08-01,6.17,6.9,55.1567,7.17,,15.1,,,375.6171,377.0,1.5755
1986-09-01,5.89,7.0,55.2975,7.45,,14.87,,,358.2933,418.0,1.7576
1986-10-01,5.85,7.0,55.5332,7.43,,14.9,,,355.0326,424.0,1.5668
1986-11-01,6.04,6.9,55.7557,7.25,,15.22,,,358.0789,398.0,1.2844
1986-12-01,6.91,6.6,56.2845,7.11,,16.11,,,354.9214,391.0,1.1872
1987-01-01,6.43,6.6,56.0882,7.08,63.962,18.65,,,384.2271,408.0,1.3649
1987-02-01,6.1,6.6,56.8275,7.25,64.421,17.75,,,411.7126,401.0,1.9143
1987-03-01,6.13,6.6,56.9098,7.25,64.732,18.3,,,432.2045,409.0,2.8414
1987-04-01,6.37,6.3,57.2701,8.02,65.13,18.68,,,422.7714,438.0,3.6799
1987-05-01,6.85,6.3,57.6322,8.61,65.561,19.44,,,416.634,460.0,3.6697
1987-06-01,6.73,6.2,57.9307,8.4,66.069,20.07,,,423.6959,450.0,3.7477
1987-07-01,6.58,6.1,58.3258,8.45,66.506,21.34,,,429.0068,451.0,3.9269
1987-08-01,6.73,6.0,58.7636,8.76,66.938,20.31,,,448.3848,461.0,4.2883
1987-09-01,7.22,5.9,58.9951,9.42,67.33,19.53,,,442.7986,460.0,4.2727
1987-10-01,7.29,6.0,59.781,9.52,67.74,19.86,,,385.0536,465.0,4.3557
1987-11-01,6.69,5.8,60.0726,8.86,68.105,18.85,,,318.753,468.0,4.529
1987-12-01,6.77,5.7,60.4095,8.99,68.507,17.28,,,314.5382,486.0,4.3321
1988-01-01,6.83,5.7,60.3976,8.67,68.858,17.13,,,339.279,477.0,4.1293
1988-02-01,6.58,5.7,60.7003,8.21,69.263,16.8,,,353.578,442.0,3.9356
1988-03-01,6.58,5.7,60.8501,8.37,69.639,16.2,,,375.543,444.0,3.8324
1988-04-01,6.87,5.4,61.2031,8.72,69.976,17.86,,,377.2355,452.0,3.9929
1988-05-01,7.09,5.6,61.0797,9.09,70.424,17.42,,,371.881,451.0,3.9823
1988-06-01,7.51,5.4,61.2569,8.92,70.886,16.53,,,385.9818,451.0,3.9648
1988-07-01,7.75,5.4,61.2659,9.06,71.354,15.5,,,391.4015,438.0,4.1301
1988-08-01,8.01,5.6,61.5731,9.26,71.797,15.52,,,379.6065,431.0,4.112
1988-09-01,8.19,5.4,61.3807,8.98,72.239,14.54,,,382.1567,413.0,4.1848
1988-10-01,8.3,5.4,61.6453,8.8,72.636,13.77,,,385.0086,407.0,4.2609
1988-11-01,8.35,5.3,61.7944,8.96,73.067,14.14,,,372.8914,420.0,4.2461
1988-12-01,8.76,5.3,62.0743,9.11,73.464,16.38,,,375.7829,419.0,4.4118
1989-01-01,9.12,5.4,62.2574,9.09,73.944,18.02,,,389.321,404.0,4.4828
1989-02-01,9.36,5.2,61.9819,9.17,74.38,17.94,,,404.0821,388.0,4.6472
1989-03-01,9.85,5.0,62.1369,9.36,74.777,19.48,,,403.9959,390.0,4.8927
1989-04-01,9.84,5.2,62.1276,9.18,75.084,21.07,,,417.13,384.0,5.0341
1989-05-01,9.81,5.2,61.7744,8.86,75.304,20.12,,,435.9932,371.0,5.2766
1989-06-01,9.53,5.3,61.7697,8.28,75.477,20.05,,,447.5827,368.0,5.1695
1989-07-01,9.24,5.2,61.1738,8.02,75.657,19.78,,,446.6965,375.0,5.0633
1989-08-01,8.99,5.2,61.7732,8.11,75.832,18.58,,,461.8278,365.0,4.6218
1989-09-01,9.02,5.3,61.5796,8.19,76.053,19.59,,,469.2785,362.0,4.4351
1989-10-01,8.84,5.3,61.4966,8.01,76.283,20.1,,,469.6809,367.0,4.5872
1989-11-01,8.55,5.4,61.7044,7.87,76.512,19.86,,,454.6971,394.0,4.655
1989-12-01,8.45,5.4,62.0428,7.84,76.705,21.1,,,449.0145,409.39,4.6396
1990-01-01,8.23,5.4,61.729,8.21,76.896,22.86,23.3473,,439.3505,410.0,5.198
1990-02-01,8.24,5.3,62.2896,8.47,77.052,22.11,23.2626,,424.5242,417.0,5.2632
1990-03-01,8.28,5.2,62.5999,8.59,77.2,20.39,20.0623,,436.0905,393.0,5.2373
1990-04-01,8.26,5.4,62.4359,8.79,77.278,18.43,21.4035,,428.993,374.0,4.7116
1990-05-01,8.18,5.4,62.6258,8.76,77.297,18.2,18.0977,,442.5982,369.0,4.3654
1990-06-01,8.29,5.2,62.8382,8.48,77.257,16.7,16.8224,,462.3062,352.0,4.6737
1990-07-01,8.15,5.5,62.7284,8.47,77.141,18.45,18.3929,,455.8243,363.0,4.8193
1990-08-01,8.13,5.7,62.9475,8.75,77.008,27.31,28.1752,,396.3226,395.0,5.7028
1990-09-01,8.2,5.9,62.9523,8.89,76.849,33.51,29.1074,,368.5663,389.0,6.1699
1990-10-01,8.11,5.9,62.5845,8.72,76.702,36.04,29.6257,,338.0135,381.0,6.3796
1990-11-01,7.81,6.2,61.7887,8.39,76.362,32.33,24.8857,,347.6943,382.0,6.1954
1990-12-01,7.31,6.3,61.3352,8.08,76.184,27.28,23.363,,370.2125,377.0,6.2549
1991-01-01,6.91,6.4,61.1355,8.09,75.913,25.23,27.4291,,376.6723,384.0,5.6471
1991-02-01,6.25,6.6,60.6838,7.85,75.732,20.48,21.5984,,442.5868,364.0,5.3125
1991-03-01,6.12,6.8,60.3346,8.11,75.564,19.9,17.7442,,469.101,363.0,4.8212
1991-04-01,5.91,6.7,60.4938,8.04,75.564,20.83,17.3727,,496.3191,358.0,4.8099
1991-05-01,5.78,6.9,61.0633,8.07,75.76,21.23,16.9323,,490.9336,357.0,5.0349
1991-06-01,5.9,6.9,61.5581,8.28,75.992,20.19,17.135,,490.375,366.72,4.6959
1991-07-01,5.82,6.8,61.7305,8.27,76.081,21.4,17.2941,,489.3686,368.0,4.3678
1991-08-01,5.66,6.9,61.7298,7.9,76.104,21.69,15.6814,,513.2509,356.0,3.7994
1991-09-01,5.45,6.9,62.2195,7.65,76.192,21.89,16.9565,,520.5595,349.0,3.3962
1991-10-01,5.21,7.0,62.1855,7.53,76.074,23.23,16.3639,,528.9239,359.0,2.8486
1991-11-01,4.81,7.0,62.0871,7.42,76.005,22.46,17.7735,,536.5835,360.0,3.0666
1991-12-01,4.43,7.3,61.7852,7.09,76.051,19.5,18.3476,,544.101,362.0,2.9806
1992-01-01,4.03,7.3,61.4616,7.03,76.088,18.79,17.6832,,615.7341,354.0,2.6726
1992-02-01,4.06,7.4,61.8955,7.34,76.157,19.01,17.4774,,632.0484,354.0,2.819
1992-03-01,3.98,7.4,62.4232,7.54,76.278,18.92,17.5205,,619.5991,344.0,3.1899
1992-04-01,3.73,7.4,62.897,7.48,76.346,20.23,16.5629,,582.7905,339.0,3.1828
1992-05-01,3.82,7.6,63.104,7.39,76.398,20.98,15.077,,581.473,337.0,3.0236
1992-06-01,3.76,7.8,63.1363,7.26,76.331,22.39,15.2032,,566.6586,341.0,3.0147
1992-07-01,3.25,7.7,63.7176,6.84,76.267,21.78,13.6018,,568.7168,353.0,3.1571
1992-08-01,3.3,7.6,63.3613,6.59,76.231,21.34,14.4219,,568.9971,343.0,3.0747
1992-09-01,3.22,7.6,63.5703,6.42,76.239,21.88,13.6967,,580.681,345.0,2.9927
1992-10-01,3.1,7.3,63.9995,6.59,76.379,21.69,17.6368,,585.0118,344.0,3.2799
1992-11-01,3.09,7.4,64.2422,6.87,76.554,20.34,14.4245,,630.8635,335.02,3.1205
1992-12-01,2.92,7.4,64.3507,6.77,76.675,19.41,12.1914,,661.2805,335.0,2.9667
1993-01-01,3.02,7.3,64.5978,6.6,76.783,19.03,12.409,,691.1345,329.0,3.2538
1993-02-01,3.03,7.1,64.9089,6.26,76.836,20.09,13.7216,,681.7179,329.0,3.2468
1993-03-01,3.07,7.0,64.8522,5.98,76.867,20.32,13.6061,,684.4909,330.0,3.0194
1993-04-01,2.96,7.1,65.0301,5.97,76.936,20.25,12.841,,665.3295,342.0,3.1564
1993-05-01,3.0,7.1,64.784,6.04,77.036,19.95,13.606,,686.451,367.0,3.2212
1993-06-01,3.04,7.0,64.9301,5.96,77.243,19.09,12.5241,,695.3827,372.0,2.9979
1993-07-01,3.06,6.9,65.1052,5.81,77.432,17.89,11.5005,,703.3952,392.0,2.847
1993-08-01,3.03,6.8,65.0267,5.68,77.614,18.01,11.9286,,725.1486,379.0,2.8409
1993-09-01,3.09,6.7,65.3717,5.36,77.796,17.5,12.9314,,745.9433,355.0,2.764
1993-10-01,2.99,6.8,65.8509,5.33,77.944,18.15,11.8752,,771.3071,364.0,2.7523
1993-11-01,3.02,6.6,66.1518,5.72,78.146,16.61,14.0838,,764.0386,374.0,2.7445
1993-12-01,2.96,6.5,66.5436,5.77,78.327,14.52,11.3564,,762.9441,383.0,2.811
1994-01-01,3.05,6.6,66.7351,5.75,78.59,15.03,11.2905,,787.7686,387.0,2.451
1994-02-01,3.25,6.6,66.774,5.97,78.726,14.78,13.6442,,787.8095,382.0,2.5157
1994-03-01,3.34,6.5,67.4552,6.48,78.855,14.68,15.2235,,785.9252,384.0,2.6518
1994-04-01,3.56,6.4,67.8541,6.97,78.987,16.42,16.4711,,732.2953,377.0,2.3644
1994-05-01,4.01,6.1,68.1663,7.18,79.221,17.89,13.8971,,727.7643,381.0,2.2885
1994-06-01,4.25,6.1,68.6265,7.1,79.422,19.06,13.4086,,723.2095,386.0,2.4948
1994-07-01,4.26,6.1,68.7178,7.3,79.596,19.66,12.4845,,713.49,385.0,2.699
1994-08-01,4.47,6.0,69.1785,7.24,79.781,18.38,11.8891,,738.8678,380.0,2.9006
1994-09-01,4.73,5.9,69.3961,7.46,79.918,17.45,13.2333,,763.9381,392.0,2.9655
1994-10-01,4.76,5.8,69.9544,7.74,80.065,17.72,15.2452,,762.4576,390.0,2.6099
1994-11-01,5.29,5.6,70.4326,7.96,80.148,18.07,16.3838,,760.419,384.0,2.6027
1994-12-01,5.45,5.5,71.1523,7.81,80.296,17.16,14.1771,,734.9914,379.0,2.5974
1995-01-01,5.53,5.6,71.2734,7.78,80.425,18.04,12.2743,,758.0124,379.0,2.8708
1995-02-01,5.92,5.4,71.193,7.47,80.527,18.57,11.47,,784.2437,377.0,2.863
1995-03-01,5.98,5.4,71.3113,7.2,80.598,18.54,12.1665,,807.1622,382.0,2.7872
1995-04-01,6.05,5.8,71.1882,7.06,80.661,19.9,12.4426,,825.3384,391.0,3.125
1995-05-01,6.01,5.6,71.5378,6.63,80.703,19.74,12.2659,,859.7591,385.0,3.1186
1995-06-01,6.0,5.6,71.7749,6.17,80.785,18.45,11.8968,,906.0355,388.0,3.0426
1995-07-01,5.85,5.7,71.4748,6.28,80.937,17.33,12.514,,979.3635,386.0,2.8302
1995-08-01,5.74,5.7,72.4223,6.49,81.11,18.02,12.7983,,1009.5861,384.0,2.6174
1995-09-01,5.8,5.6,72.7144,6.2,81.305,18.23,12.057,,1051.0,383.0,2.5452
1995-10-01,5.76,5.5,72.5866,6.04,81.481,17.43,14.3573,,1022.1373,383.0,2.7443
1995-11-01,5.8,5.6,72.7779,5.93,81.618,17.99,12.469,,1046.6367,385.0,2.6035
1995-12-01,5.6,5.6,73.0305,5.71,81.735,19.03,11.7485,,1047.035,387.0,2.5316
1996-01-01,5.56,5.6,72.6125,5.65,81.834,18.86,13.4736,,1024.9455,399.0,2.7907
1996-02-01,5.22,5.5,73.6752,5.81,81.953,19.09,15.033,,1094.0165,405.0,2.717
1996-03-01,5.31,5.5,73.585,6.27,82.194,21.33,17.7624,,1092.6471,396.0,2.8439
1996-04-01,5.22,5.6,74.3172,6.51,82.419,23.5,16.5752,,1135.6281,393.0,2.8327
1996-05-01,5.24,5.6,74.8726,6.74,82.607,21.17,16.1464,,1220.5405,392.0,2.8271
1996-06-01,5.27,5.3,75.4433,6.91,82.751,20.42,16.395,,1205.0755,385.0,2.8215
1996-07-01,5.4,5.5,75.4549,6.87,82.928,21.3,17.9786,,1105.6127,383.0,2.8834
1996-08-01,5.22,5.1,75.8411,6.64,83.085,21.9,15.7605,,1134.2459,387.0,2.8123
1996-09-01,5.3,5.2,76.3158,6.83,83.256,23.97,16.578,,1186.442,383.0,3.0046
1996-10-01,5.24,5.2,76.3384,6.53,83.376,24.88,16.3817,,1234.0422,381.0,3.0619
1996-11-01,5.31,5.4,77.0397,6.2,83.551,23.71,15.997,,1259.831,378.0,3.2531
1996-12-01,5.29,5.4,77.5333,6.3,83.72,25.23,19.261,,1292.151,369.0,3.3788
1997-01-01,5.25,5.3,77.6562,6.58,83.954,25.13,19.4733,,1345.42,355.0,3.0381
1997-02-01,5.19,5.2,78.5833,6.42,84.179,22.18,20.1395,,1349.17,347.0,3.0323
1997-03-01,5.39,5.2,79.082,6.69,84.45,20.97,20.17,,1282.8555,352.0,2.7653
1997-04-01,5.51,5.1,79.1747,6.89,84.621,19.7,19.6623,,1225.0036,344.0,2.4343
1997-05-01,5.5,4.9,79.6133,6.71,84.86,20.82,19.9248,,1352.559,344.0,2.2379
1997-06-01,5.56,5.0,79.9792,6.49,85.08,19.26,20.1943,,1422.4529,341.0,2.2336
1997-07-01,5.52,4.9,80.6624,6.22,85.331,19.66,20.5291,,1531.1414,324.0,2.1656
1997-08-01,5.54,4.8,81.4694,6.3,85.573,19.95,23.0848,,1596.7419,324.0,2.2901
1997-09-01,5.54,4.9,82.2156,6.21,85.851,19.8,23.8124,,1660.149,323.0,2.2194
1997-10-01,5.5,4.7,82.9446,6.03,86.147,21.33,23.8709,,1682.2748,325.0,2.086
1997-11-01,5.52,4.6,83.5978,5.88,86.633,20.19,32.2061,,1600.9747,306.0,1.8904
1997-12-01,5.5,4.7,83.9538,5.81,87.093,18.33,26.2764,,1566.9968,288.74,1.697
1998-01-01,5.56,4.6,84.3218,5.54,87.616,16.72,23.8665,,1570.2345,289.0,1.6311
1998-02-01,5.51,4.6,84.4583,5.57,88.004,16.06,19.9989,,1714.8721,297.0,1.4402
1998-03-01,5.49,4.7,84.488,5.65,88.443,15.12,20.1586,,1781.2695,296.0,1.3767
1998-04-01,5.45,4.3,84.7779,5.64,88.879,15.35,22.0286,,1852.3,308.0,1.4384
1998-05-01,5.49,4.4,85.3367,5.65,89.364,14.91,20.874,,1836.3925,299.0,1.6886
1998-06-01,5.56,4.5,84.8248,5.5,89.843,13.72,21.6627,,1795.7445,292.0,1.623
1998-07-01,5.54,4.5,84.4986,5.46,90.308,14.17,19.93,,1941.5768,293.0,1.7456
1998-08-01,5.55,4.5,86.248,5.34,90.784,13.47,31.5881,,1784.7505,284.0,1.6169
1998-09-01,5.51,4.6,86.2021,4.81,91.257,15.03,38.2048,,1663.4271,289.0,1.4268
1998-10-01,5.07,4.5,86.7914,4.53,91.715,14.46,36.6082,,1615.6945,296.0,1.4861
1998-11-01,4.83,4.4,86.7256,4.83,92.198,13.0,26.223,,1888.721,294.0,1.4842
1998-12-01,4.68,4.4,87.1185,4.65,92.711,11.35,25.4791,,2071.0327,292.0,1.6069
1999-01-01,4.63,4.3,87.4949,4.72,93.207,12.52,28.0353,,2357.8,287.0,1.6667
1999-02-01,4.76,4.4,88.027,5.0,93.671,12.01,28.8226,,2356.9884,287.0,1.6667
1999-03-01,4.81,4.2,88.2267,5.23,94.216,14.68,25.3096,,2391.14,286.0,1.7284
1999-04-01,4.74,4.3,88.4295,5.18,94.785,17.31,23.4786,,2537.8867,283.0,2.2811
1999-05-01,4.74,4.2,88.9886,5.54,95.344,17.72,26.2045,,2512.595,276.0,2.091
1999-06-01,4.76,4.3,88.9188,5.9,95.974,17.92,23.6264,,2520.9586,261.0,1.9656
1999-07-01,4.99,4.3,89.4333,5.79,96.591,20.1,21.049,,2741.2638,256.0,2.1446
1999-08-01,5.07,4.2,89.7924,5.94,97.218,21.28,24.3236,,2642.4491,257.0,2.2644
1999-09-01,5.22,4.2,89.4299,5.92,97.862,23.8,24.5414,,2807.9467,265.0,2.63
1999-10-01,5.2,4.1,90.523,6.11,98.522,22.69,24.0214,,2815.2767,311.0,2.5625
1999-11-01,5.42,4.1,90.9618,6.03,99.153,25.0,21.8181,,3230.5486,293.0,2.6204
1999-12-01,5.3,4.0,91.6634,6.28,99.843,26.1,22.1591,,3739.8786,283.0,2.6764
2000-01-01,5.45,4.0,91.538,6.66,100.551,27.26,23.202,,4013.494,284.0,2.793
2000-02-01,5.73,4.1,91.8239,6.52,101.339,29.37,23.5955,,4410.871,300.0,3.218
2000-03-01,5.85,4.0,92.1504,6.26,102.126,29.84,22.7183,,4802.9883,286.0,3.7621
2000-04-01,6.02,3.8,92.6989,5.99,102.922,25.72,27.1642,,3863.6374,280.0,3.0139
2000-05-01,6.27,4.0,92.9499,6.44,103.677,28.79,26.3732,,3528.4168,275.0,3.1325
2000-06-01,6.53,4.0,92.9862,6.1,104.425,31.82,21.54,,3865.4768,286.0,3.7349
2000-07-01,6.54,4.0,92.8048,6.05,105.055,29.7,19.893,,4017.685,282.0,3.5993
2000-08-01,6.5,4.1,92.5521,5.83,105.769,31.26,18.0887,,3909.597,274.47,3.3513
2000-09-01,6.52,3.9,92.9792,5.8,106.539,33.88,19.6875,,3875.822,274.0,3.4565
2000-10-01,6.51,3.9,92.6179,5.74,107.383,33.11,25.2,,3333.8245,270.0,3.4503
2000-11-01,6.51,3.9,92.6438,5.72,108.303,34.42,26.3829,,3055.4152,266.0,3.4442
2000-12-01,6.4,3.9,92.3415,5.24,109.142,28.44,26.5305,,2657.8075,271.0,3.436
2001-01-01,5.98,4.2,91.902,5.16,109.847,29.59,24.9186,,2656.8643,265.0,3.7212
2001-02-01,5.49,4.2,91.3034,5.1,110.501,29.61,23.4116,,2449.5695,262.0,3.5294
2001-03-01,5.31,4.3,91.1162,4.89,111.109,27.25,28.4968,,1986.6632,263.0,2.9825
2001-04-01,4.8,4.4,90.7891,5.14,111.652,27.49,28.134,,1933.928,260.48,3.2183
2001-05-01,4.21,4.3,90.3555,5.39,112.164,28.63,22.9441,,2181.1286,272.0,3.5631
2001-06-01,3.97,4.5,89.8784,5.28,112.795,27.6,20.9405,,2112.0529,270.0,3.194
2001-07-01,3.77,4.6,89.3028,5.24,113.492,26.43,22.3162,,2033.9786,268.0,2.7215
2001-08-01,3.65,4.9,89.2003,4.97,114.168,27.37,21.8617,,1929.7126,272.0,2.7215
2001-09-01,3.07,5.0,88.7485,4.73,114.812,26.2,35.0653,,1573.31,283.0,2.5922
2001-10-01,2.49,5.3,88.5052,4.57,115.31,22.17,32.7213,,1656.4283,283.0,2.1277
2001-11-01,2.09,5.5,87.97,4.65,115.856,19.64,26.631,,1870.0624,276.0,1.8944
2001-12-01,1.82,5.7,87.9324,5.09,116.454,19.39,23.72,,1977.7105,276.0,1.6037
2002-01-01,1.73,5.7,88.5176,5.04,117.143,19.72,22.2529,,1976.7686,282.0,1.1959
2002-02-01,1.74,5.7,88.5278,4.91,117.845,20.72,22.8758,,1799.7189,296.0,1.1364
2002-03-01,1.73,5.7,89.1686,5.28,118.688,24.53,18.985,,1863.0455,294.0,1.3629
2002-04-01,1.75,5.9,89.604,5.21,119.612,26.18,19.9005,,1758.8023,303.0,1.644
2002-05-01,1.75,5.8,89.964,5.16,120.724,27.04,20.0877,,1660.3109,314.0,1.2408
2002-06-01,1.75,5.8,90.7061,4.93,121.813,25.52,25.271,,1505.4875,321.0,1.0692
2002-07-01,1.73,5.8,90.6769,4.65,122.888,26.97,34.0495,,1346.0855,313.0,1.4656
2002-08-01,1.74,5.7,90.5762,4.26,123.832,28.39,33.7427,,1327.3605,310.0,1.7475
2002-09-01,1.75,5.7,90.6531,3.87,124.781,29.66,37.6475,,1251.069,319.0,1.516
2002-10-01,1.75,5.7,90.4643,3.94,125.736,28.84,35.243,,1241.9117,317.0,2.027
2002-11-01,1.34,5.9,90.9711,4.05,126.671,26.35,28.175,,1409.1515,319.0,2.2535
2002-12-01,1.24,6.0,90.4652,4.03,127.625,29.46,28.2105,,1387.1519,332.0,2.4803
2003-01-01,1.24,5.8,91.2361,4.05,128.462,32.95,27.4243,,1390.3543,356.86,2.7575
2003-02-01,1.26,5.9,91.3445,3.9,129.356,35.83,32.2184,,1312.0521,359.0,3.1461
2003-03-01,1.25,5.9,91.1044,3.81,130.148,33.51,30.6343,,1349.4995,341.0,3.0252
2003-04-01,1.26,6.0,90.5617,3.96,130.884,28.17,23.9919,,1411.2224,328.0,2.1751
2003-05-01,1.26,6.1,90.537,3.57,131.735,28.11,20.2395,,1525.4124,356.0,1.8942
2003-06-01,1.22,6.3,90.6527,3.33,132.649,30.66,20.3624,,1630.2038,356.0,1.9488
2003-07-01,1.01,6.2,91.1185,3.98,133.776,30.76,19.1614,,1715.9859,351.0,2.0556
2003-08-01,1.03,6.1,90.9197,4.45,134.967,31.57,19.2743,,1726.6224,360.0,2.2161
2003-09-01,1.01,6.1,91.5059,4.27,136.294,28.31,19.5324,,1856.0171,378.95,2.3783
2003-10-01,1.01,6.0,91.6186,4.29,137.532,30.34,18.0235,,1905.8709,379.0,2.0419
2003-11-01,1.0,5.8,92.2329,4.3,138.795,31.11,17.4011,,1937.8647,390.0,1.9284
2003-12-01,0.98,5.7,92.2602,4.27,140.18,32.13,16.8264,,1953.8732,406.953,2.0352
2004-01-01,1.0,5.7,92.4006,4.15,141.646,34.31,16.101,,2096.173,414.0,2.0263
2004-02-01,1.01,5.6,92.958,4.08,143.192,34.69,15.9984,,2048.3379,405.0,1.6885
2004-03-01,1.0,5.8,92.5861,3.83,145.058,36.74,17.6874,,1979.6143,407.0,1.7401
2004-04-01,1.0,5.6,92.93,4.35,146.593,36.75,15.6986,,2018.8824,403.0,2.2926
2004-05-01,1.0,5.6,93.6013,4.72,148.186,40.28,17.705,,1930.2175,383.78,2.8978
2004-06-01,1.03,5.6,92.871,4.73,149.851,38.03,15.3427,,2002.0848,392.37,3.1677
2004-07-01,1.26,5.5,93.5649,4.5,151.338,40.78,15.5024,,1912.7214,398.0,2.9396
2004-08-01,1.43,5.4,93.6277,4.28,152.633,44.9,16.6841,,1821.8914,401.0,2.5474
2004-09-01,1.61,5.4,93.7467,4.13,154.179,45.94,14.081,,1884.7305,405.0,2.5392
2004-10-01,1.76,5.5,94.5465,4.1,155.75,53.28,14.9738,,1938.2524,420.0,3.1909
2004-11-01,1.93,5.4,94.7813,4.19,157.527,48.47,13.5776,,2062.87,439.0,3.6216
2004-12-01,2.16,5.4,95.5365,4.23,159.329,43.15,12.4595,,2149.5314,442.0,3.3423
2005-01-01,2.28,5.3,95.8801,4.22,161.288,46.84,13.438,,2071.8715,424.0,2.8449
2005-02-01,2.5,5.4,96.5761,4.17,163.345,48.15,11.7089,,2065.7358,423.0,3.053
2005-03-01,2.63,5.2,96.4456,4.5,165.814,54.19,13.1264,,2030.4336,434.0,3.2068
2005-04-01,2.79,5.2,96.6532,4.34,167.503,52.98,14.459,,1957.4929,429.0,3.3618
2005-05-01,3.0,5.1,96.7402,4.14,169.353,49.83,13.9676,,2005.2171,422.0,2.8693
2005-06-01,3.04,5.0,97.1753,4.0,171.192,56.35,11.8686,,2074.0745,431.0,2.541
2005-07-01,3.26,5.0,96.8676,4.18,172.861,59.0,11.049,,2145.139,424.48,3.0672
2005-08-01,3.5,4.9,97.1833,4.26,174.442,64.99,12.9513,,2157.9539,438.0,3.6469
2005-09-01,3.62,5.0,95.3005,4.2,176.439,65.59,12.6281,,2144.6676,456.05,4.7418
2005-10-01,3.78,5.0,96.4572,4.46,178.029,62.26,14.9376,,2087.1957,470.0,4.3501
2005-11-01,4.0,5.0,97.5414,4.54,179.683,58.32,12.1476,,2202.8571,477.0,3.3385
2005-12-01,4.16,4.9,98.0452,4.47,180.911,59.41,11.26,,2246.0871,510.0,3.3385
2006-01-01,4.29,4.7,98.1999,4.42,182.321,65.49,12.036,100.0,2289.9915,550.0,4.0188
2006-02-01,4.49,4.8,98.2413,4.57,183.287,61.63,12.4711,100.2112,2273.6663,555.0,3.6383
2006-03-01,4.59,4.7,98.4628,4.72,184.364,62.69,11.6939,100.4281,2300.2557,557.0,3.4179
2006-04-01,4.79,4.7,98.7618,4.99,184.33,69.44,11.8474,99.7435,2338.6774,611.0,3.6138
2006-05-01,4.94,4.6,98.7869,5.11,184.157,70.84,14.4545,97.5118,2245.2818,675.0,3.9773
2006-06-01,4.99,4.6,99.0997,5.11,183.508,70.95,16.9186,98.6927,2137.4136,596.0,4.1817
2006-07-01,5.24,4.7,99.0489,5.09,183.066,74.41,15.326,98.4387,2086.2075,634.0,4.1047
2006-08-01,5.25,4.7,99.4836,4.88,182.592,73.04,13.3517,97.7138,2117.7709,633.0,3.9266
2006-09-01,5.25,4.5,99.3183,4.72,182.797,63.8,12.1845,97.9814,2221.939,598.0,2.0121
2006-10-01,5.25,4.4,99.2044,4.73,183.197,58.89,11.3064,98.3157,2330.1745,586.0,1.4063
2006-11-01,5.25,4.5,99.1627,4.6,183.607,59.08,10.8176,97.5133,2408.7,627.827,1.9687
2006-12-01,5.24,4.4,100.1735,4.56,184.137,61.96,10.9645,96.7951,2431.908,630.0,2.524
2007-01-01,5.25,4.6,99.8346,4.76,184.514,54.51,11.0425,97.8338,2453.187,631.0,2.0758
2007-02-01,5.26,4.5,100.7753,4.72,184.595,59.28,11.1553,97.4764,2479.8642,664.75,2.4203
2007-03-01,5.26,4.4,100.9547,4.56,184.147,60.44,15.1627,97.0118,2401.4909,655.0,2.7982
2007-04-01,5.25,4.5,101.6334,4.69,183.008,63.98,12.933,95.6322,2499.568,679.0,2.5929
2007-05-01,5.25,4.4,101.7306,4.75,181.6,63.46,13.2977,94.7225,2562.1409,667.31,2.7099
2007-06-01,5.25,4.6,101.7893,5.1,180.252,67.49,14.9476,94.4449,2595.3962,656.0,2.6928
2007-07-01,5.26,4.7,101.6672,5.0,179.109,74.12,17.2733,93.2059,2655.0762,665.0,2.3179
2007-08-01,5.02,4.6,101.863,4.67,178.115,72.36,25.0261,93.7603,2539.4987,665.41,1.8974
2007-09-01,4.94,4.7,102.0894,4.52,177.556,79.92,22.1989,92.4366,2634.47,712.65,2.8338
2007-10-01,4.76,4.7,101.8015,4.53,176.622,85.8,19.1157,90.4002,2780.4157,755.0,3.6107
2007-11-01,4.49,4.7,102.3446,4.15,175.145,94.77,25.5824,89.053,2662.8024,806.0,4.3733
2007-12-01,4.24,5.0,102.3803,4.1,174.339,91.69,21.651,90.005,2661.5485,803.0,4.1088
2008-01-01,3.94,5.0,102.2448,3.74,173.131,92.97,25.8162,89.3971,2418.0938,890.0,4.2947
2008-02-01,2.98,4.9,101.8438,3.74,171.539,95.39,25.456,88.6434,2325.8255,922.0,4.143
2008-03-01,2.61,5.1,101.5336,3.51,170.05,105.45,27.1035,86.8399,2254.818,968.0,3.9749
2008-04-01,2.28,5.0,100.8785,3.68,168.332,112.58,21.5627,86.5475,2368.0995,910.0,3.9038
2008-05-01,1.98,5.4,100.2674,3.88,166.653,125.4,18.3033,86.8245,2483.241,889.0,4.0884
2008-06-01,2.0,5.6,100.0335,4.1,165.012,133.88,22.1105,87.0728,2427.4543,889.0,4.936
2008-07-01,2.01,5.8,99.676,4.01,163.562,133.37,24.3218,86.4538,2278.1373,940.0,5.4975
2008-08-01,2.0,6.1,98.1111,3.89,161.984,116.67,20.6957,88.945,2389.2671,839.0,5.308
2008-09-01,1.81,6.1,93.7895,3.69,160.305,104.11,30.2386,91.2651,2205.6581,830.0,4.9533
2008-10-01,0.97,6.5,94.7219,3.81,158.325,76.61,61.1774,98.04,1730.3196,807.0,3.7311
2008-11-01,0.39,6.8,93.4715,3.53,156.14,57.31,62.6689,100.7667,1542.6958,761.0,1.0999
2008-12-01,0.16,7.3,90.8357,2.42,153.617,41.12,52.405,99.6622,1525.8905,816.0,-0.0222
2009-01-01,0.15,7.8,88.57,2.52,151.505,41.71,44.683,100.3521,1537.2005,859.0,-0.1136
2009-02-01,0.22,8.3,88.031,2.87,150.012,39.09,45.5705,102.9737,1485.9768,943.0,0.0085
2009-03-01,0.18,8.7,86.6528,2.82,148.657,47.94,44.7955,103.4397,1432.2332,924.0,-0.4465
2009-04-01,0.15,9.0,85.9344,2.93,147.947,49.65,38.0638,100.7162,1641.1476,890.0,-0.5763
2009-05-01,0.18,9.4,85.0665,3.29,147.692,59.03,31.978,97.5519,1726.0775,929.0,-1.0158
2009-06-01,0.21,9.5,84.7459,3.72,148.087,69.64,29.1405,96.0426,1826.9882,946.0,-1.2292
2009-07-01,0.16,9.5,85.7027,3.56,148.406,64.15,26.1627,95.6606,1873.8377,934.0,-1.9588
2009-08-01,0.16,9.6,86.6426,3.59,148.275,71.05,25.3371,94.373,1997.1552,949.0,-1.4838
2009-09-01,0.15,9.8,87.4063,3.4,148.023,69.41,24.9267,93.6638,2084.7471,996.59,-1.3779
2009-10-01,0.12,10.0,87.6419,3.39,147.849,75.72,24.2523,92.2598,2122.8495,1043.0,-0.224
2009-11-01,0.12,9.9,88.0221,3.4,148.135,77.99,23.789,91.7996,2143.5325,1127.0,1.9146
2009-12-01,0.12,9.9,88.3793,3.59,147.931,74.47,21.2395,92.2586,2220.6,1135.0,2.8141
2010-01-01,0.11,9.8,89.3426,3.73,147.396,78.33,20.6432,92.4403,2267.7747,1118.0,2.6211
2010-02-01,0.13,9.8,89.6779,3.69,145.632,76.39,22.54,93.8867,2194.44,1095.0,2.1513
2010-03-01,0.16,9.9,90.2928,3.73,145.857,81.2,17.7674,93.1499,2362.2439,1113.0,2.2862
2010-04-01,0.2,9.9,90.5991,3.85,146.398,84.29,17.4243,92.6391,2475.72,1149.0,2.2068
2010-05-01,0.2,9.6,91.823,3.42,146.387,73.74,31.9295,95.5306,2319.239,1205.0,2.0035
2010-06-01,0.18,9.4,91.9928,3.2,145.714,75.34,29.9164,96.0606,2235.2295,1233.0,1.1216
2010-07-01,0.18,9.4,92.3421,3.01,144.983,76.32,25.5652,94.4547,2210.2738,1193.0,1.3408
2010-08-01,0.19,9.5,92.6805,2.7,143.909,76.6,24.7459,93.6822,2205.2814,1216.0,1.1502
2010-09-01,0.19,9.5,92.9537,2.65,143.013,75.24,22.5176,92.7626,2298.3462,1271.0,1.1183
2010-10-01,0.19,9.4,92.6903,2.54,142.523,81.89,20.3733,90.2291,2441.2957,1342.0,1.1667
2010-11-01,0.19,9.8,92.7709,2.76,142.163,84.25,20.0957,90.5095,2530.9895,1370.0,1.0845
2010-12-01,0.18,9.3,93.6787,3.29,142.05,89.15,17.5695,91.1835,2631.5605,1391.0,1.4378
2011-01-01,0.17,9.1,93.4814,3.39,141.512,89.17,17.3155,90.1112,2717.2085,1360.0,1.7008
2011-02-01,0.16,9.0,93.1102,3.58,140.339,88.58,17.43,89.3967,2783.5358,1375.0,2.1249
2011-03-01,0.14,9.0,94.0788,3.41,139.971,102.86,20.7235,88.4872,2722.2891,1423.0,2.6192
2011-04-01,0.1,9.1,93.7749,3.46,140.003,109.53,16.244,86.9214,2797.0715,1481.0,3.0772
2011-05-01,0.09,9.0,93.888,3.17,139.901,100.9,16.9114,86.9464,2815.0757,1513.0,3.459
2011-06-01,0.09,9.1,94.172,3.0,139.857,96.26,19.1532,86.9413,2687.7627,1529.0,3.5023
2011-07-01,0.07,9.0,94.636,3.0,139.727,97.3,19.2275,86.3178,2810.5755,1573.0,3.5799
2011-08-01,0.1,9.0,95.2749,2.3,139.304,86.33,35.0291,86.8982,2504.623,1759.0,3.755
2011-09-01,0.08,9.0,95.1961,1.98,138.66,85.52,36.53,89.7253,2524.1362,1772.0,3.8126
2011-10-01,0.07,8.8,95.8568,2.15,137.94,86.32,32.829,90.6098,2594.7819,1666.0,3.5223
2011-11-01,0.08,8.6,95.8485,2.01,137.137,97.16,31.9419,91.2649,2606.289,1739.0,3.4514
2011-12-01,0.07,8.5,96.3571,1.98,136.659,98.56,25.0476,92.2056,2601.67,1640.0,3.0621
2012-01-01,0.08,8.3,96.9318,1.97,136.595,100.27,20.228,91.6463,2743.795,1654.0,3.0088
2012-02-01,0.1,8.3,97.2435,1.97,136.522,102.2,18.4205,89.9605,2928.9805,1745.0,2.8982
2012-03-01,0.13,8.2,96.74,2.17,137.893,106.16,16.1673,90.5112,3035.9159,1676.0,2.5829
2012-04-01,0.14,8.2,97.4359,2.05,139.143,103.32,17.823,90.8156,3035.1015,1649.0,2.2732
2012-05-01,0.16,8.2,97.6609,1.8,140.143,94.66,21.0018,92.4928,2900.4091,1589.0,1.7379
2012-06-01,0.16,8.2,97.6663,1.62,141.019,82.3,21.131,93.8809,2850.3548,1599.0,1.6539
2012-07-01,0.16,8.2,97.8713,1.53,141.658,87.9,17.5652,93.4062,2920.1167,1594.0,1.4175
2012-08-01,0.13,8.1,97.4525,1.68,142.269,94.13,15.6896,92.5283,3032.6665,1630.0,1.6859
2012-09-01,0.14,7.8,97.381,1.72,142.897,94.51,15.2847,90.9802,3136.8026,1745.0,1.9497
2012-10-01,0.16,7.8,97.7193,1.75,143.59,89.49,16.2762,90.7566,3060.2619,1746.58,2.1557
2012-11-01,0.16,7.7,98.0777,1.65,144.574,86.53,16.7019,91.4751,2941.0152,1722.0,1.796
2012-12-01,0.16,7.9,98.3101,1.72,145.492,87.86,17.307,90.8804,3003.792,1685.0,1.7595
2013-01-01,0.14,8.0,98.3342,1.91,146.816,94.76,13.5052,90.8255,3125.9133,1672.0,1.6841
2013-02-01,0.15,7.7,98.7941,1.98,147.772,95.31,14.0726,91.5509,3169.2132,1628.0,2.0181
2013-03-01,0.14,7.5,99.1921,1.96,149.951,92.94,13.0315,92.4132,3236.167,1593.0,1.5187
2013-04-01,0.15,7.6,99.1065,1.76,151.508,92.02,13.9673,92.0478,3251.3518,1488.0,1.1388
2013-05-01,0.11,7.5,99.1839,1.93,152.839,94.51,13.4936,92.529,3440.3755,1414.0,1.3904
2013-06-01,0.09,7.5,99.3897,2.3,154.189,95.77,17.2715,93.2836,3416.7415,1343.0,1.7158
2013-07-01,0.09,7.3,99.0814,2.58,155.595,104.67,13.9745,93.8724,3559.7109,1286.0,1.8855
2013-08-01,0.08,7.2,99.6543,2.74,156.952,106.57,14.21,93.7149,3639.9286,1352.0,1.5388
2013-09-01,0.08,7.2,100.161,2.81,158.214,106.29,14.692,93.4706,3731.262,1349.0,1.0947
2013-10-01,0.09,7.2,100.082,2.62,159.233,100.54,15.4078,92.4993,3848.2022,1317.0,0.8768
2013-11-01,0.08,6.9,100.3158,2.72,160.069,93.86,12.924,93.3737,3957.5325,1276.0,1.2329
2013-12-01,0.09,6.7,100.5175,2.9,160.99,97.63,14.1924,93.534,4075.8848,1222.0,1.5128
2014-01-01,0.07,6.6,100.1599,2.86,161.92,94.62,14.241,94.4647,4154.361,1244.0,1.5578
2014-02-01,0.07,6.7,100.9168,2.71,162.516,100.82,15.47,94.6456,4199.4511,1300.0,1.1205
2014-03-01,0.08,6.7,101.8942,2.72,163.073,100.8,14.8367,94.4408,4276.359,1336.0,1.6127
2014-04-01,0.09,6.2,101.9928,2.71,163.376,102.07,14.1981,93.9956,4119.3062,1298.45,2.0151
2014-05-01,0.09,6.3,102.3836,2.56,163.641,102.18,12.4752,93.67,4135.3743,1289.0,2.1669
2014-06-01,0.1,6.1,102.735,2.6,164.046,105.79,11.5414,93.8274,4332.7386,1279.0,2.059
2014-07-01,0.09,6.2,102.9632,2.54,164.571,103.59,12.2964,93.6039,4434.1259,1311.0,1.9742
2014-08-01,0.09,6.1,102.7688,2.42,165.196,96.54,13.4919,94.5808,4464.831,1295.0,1.7151
2014-09-01,0.09,5.9,103.0641,2.53,165.888,93.21,13.4667,96.1209,4551.5862,1236.55,1.6841
2014-10-01,0.09,5.7,103.0764,2.3,166.626,84.4,18.0587,97.4396,4403.23,1222.0,1.6095
2014-11-01,0.09,5.8,103.7126,2.33,167.32,75.79,13.4132,99.1147,4687.7021,1175.0,1.2315
2014-12-01,0.12,5.6,103.7044,2.21,168.036,59.29,16.2923,101.4441,4732.7014,1201.0,0.6531
2015-01-01,0.11,5.7,102.8905,1.88,168.611,47.22,19.1195,103.7607,4673.7015,1251.0,-0.2299
2015-02-01,0.11,5.5,102.2335,1.98,169.104,50.58,15.9042,105.1685,4854.2558,1227.0,-0.087
2015-03-01,0.11,5.4,101.8914,2.04,169.776,47.82,14.8127,107.3647,4938.0105,1179.0,-0.022
2015-04-01,0.12,5.4,101.3355,1.94,170.279,54.45,13.4948,106.3523,4985.9514,1199.0,-0.104
2015-05-01,0.12,5.6,100.8883,2.2,170.862,59.27,13.3385,105.4065,5029.4315,1199.0,0.035
2015-06-01,0.13,5.3,100.571,2.36,171.45,59.82,14.3395,106.179,5073.0418,1182.0,0.1796
2015-07-01,0.13,5.2,101.2228,2.32,172.128,50.9,14.3527,108.1236,5082.81,1128.0,0.2257
2015-08-01,0.14,5.1,101.0367,2.17,172.906,42.87,19.4281,109.9767,4934.6229,1118.0,0.2413
2015-09-01,0.14,5.0,100.7547,2.17,173.798,45.48,24.3771,110.8513,4748.0043,1125.0,0.0088
2015-10-01,0.12,5.0,100.2675,2.07,174.762,46.22,16.7895,109.9036,4879.0368,1159.0,0.1276
2015-11-01,0.12,5.1,99.5298,2.26,175.708,42.44,16.21,111.6916,5082.5075,1086.0,0.4363
2015-12-01,0.24,5.0,99.0417,2.24,176.516,37.19,18.0255,112.7857,5040.54,1076.0,0.6387
2016-01-01,0.34,4.8,99.5607,2.09,177.244,31.68,23.7179,115.2344,4610.7142,1098.0,1.2375
2016-02-01,0.38,4.9,99.0445,1.78,177.625,30.32,22.517,114.2817,4463.206,1200.0,0.8473
2016-03-01,0.36,5.0,98.3096,1.89,178.141,37.55,15.8491,111.8934,4754.4791,1245.0,0.8916
2016-04-01,0.37,5.1,98.6421,1.81,178.74,40.75,14.3005,110.0171,4892.1695,1242.0,1.1726
2016-05-01,0.37,4.8,98.4184,1.81,179.399,46.71,14.8529,111.1405,4788.2352,1261.0,1.0785
2016-06-01,0.38,4.9,98.8833,1.64,180.058,48.76,17.7745,111.5596,4856.2323,1276.0,1.0793
2016-07-01,0.39,4.8,98.9992,1.5,180.835,44.65,13.1585,112.4773,5023.989,1337.0,0.8684
2016-08-01,0.4,4.9,98.85,1.56,181.823,44.72,12.3996,111.4384,5217.0383,1340.0,1.0553
2016-09-01,0.4,5.0,98.7457,1.63,182.796,45.18,14.2195,112.3169,5254.1543,1327.0,1.5486
2016-10-01,0.4,4.9,98.7611,1.76,183.72,49.78,14.5852,113.4747,5255.989,1267.0,1.6859
2016-11-01,0.41,4.7,98.3491,2.14,184.728,45.66,15.2362,116.1075,5260.5652,1238.0,1.6843
2016-12-01,0.54,4.7,99.0214,2.49,185.696,51.97,12.4724,117.9048,5413.1167,1157.0,2.0508
2017-01-01,0.65,4.7,98.7611,2.43,186.774,52.5,11.6085,117.7858,5561.4235,1192.0,2.5104
2017-02-01,0.66,4.6,98.3646,2.42,187.289,53.47,11.5305,116.1204,5764.7021,1234.0,2.8104
2017-03-01,0.79,4.4,99.0137,2.48,187.968,49.33,11.8978,115.6558,5864.9639,1231.0,2.4412
2017-04-01,0.9,4.4,100.0224,2.3,188.698,51.06,13.1363,114.7698,5912.1695,1267.0,2.1762
2017-05-01,0.91,4.4,100.1408,2.3,189.585,48.48,10.8623,114.2591,6124.8782,1246.0,1.8563
2017-06-01,1.04,4.3,100.3471,2.19,190.464,45.18,10.5136,112.7603,6224.2859,1260.0,1.6406
2017-07-01,1.15,4.3,100.1068,2.32,191.435,46.63,10.2645,111.0606,6294.674,1237.0,1.7251
2017-08-01,1.16,4.4,99.6925,2.21,192.621,48.04,11.9757,109.9059,6311.3974,1283.0,1.9281
2017-09-01,1.15,4.3,99.7954,2.2,193.714,49.82,10.438,108.8542,6428.079,1314.0,2.1806
2017-10-01,1.15,4.2,101.0247,2.36,194.76,51.58,10.1255,110.8892,6603.0114,1280.0,2.0208
2017-11-01,1.16,4.2,101.2664,2.35,195.91,56.64,10.5405,111.1635,6796.0429,1281.9,2.1725
2017-12-01,1.3,4.1,101.4644,2.4,197.137,57.88,10.2645,110.8758,6889.7405,1264.0,2.1299
2018-01-01,1.41,4.0,101.4625,2.58,198.278,63.7,11.0624,108.3568,7279.4981,1331.0,2.1513
2018-02-01,1.42,4.1,101.7085,2.86,199.204,62.23,22.4647,107.6501,7161.7726,1331.0,2.2635
2018-03-01,1.51,4.0,102.2067,2.84,199.94,62.73,19.0238,107.9472,7311.5057,1325.0,2.3309
2018-04-01,1.69,4.0,103.3329,2.87,200.628,66.25,18.2676,107.9434,7084.1424,1335.0,2.471
2018-05-01,1.7,3.8,102.4024,2.98,201.39,69.98,14.1245,111.047,7339.3273,1303.0,2.7819
2018-06-01,1.82,4.0,103.198,2.91,202.161,67.87,13.6781,112.8444,7645.1386,1282.0,2.8076
2018-07-01,1.91,3.8,103.3646,2.89,202.874,70.98,13.1476,113.0595,7756.8638,1238.0,2.8541
2018-08-01,1.91,3.8,104.0327,2.89,203.634,68.06,12.547,113.8316,7892.2335,1202.0,2.6429
2018-09-01,1.95,3.7,104.1004,3.0,204.294,70.23,12.9105,114.0787,7983.3074,1198.0,2.3321
2018-10-01,2.19,3.8,103.9856,3.15,205.063,70.75,19.3522,114.8313,7527.0839,1215.0,2.492
2018-11-01,2.2,3.8,104.0681,3.12,205.637,56.96,19.389,116.169,7236.0814,1221.0,2.1473
2018-12-01,2.27,3.9,104.0936,2.83,206.131,49.52,24.9532,116.2118,6814.2916,1250.0,2.0024
2019-01-01,2.4,4.0,103.4021,2.71,206.515,51.38,19.5724,114.4425,6979.6557,1292.0,1.4876
2019-02-01,2.4,3.8,102.8371,2.68,206.83,54.95,15.2347,114.413,7430.0774,1320.0,1.5189
2019-03-01,2.41,3.8,102.8757,2.57,207.046,58.15,14.4852,114.7835,7629.3667,1301.0,1.8832
2019-04-01,2.42,3.7,102.274,2.53,207.498,63.86,12.949,114.9038,7993.3688,1286.0,2.0006
2019-05-01,2.39,3.6,102.392,2.4,208.105,60.83,16.7218,115.9574,7804.8209,1284.0,1.7959
2019-06-01,2.38,3.6,102.4375,2.07,208.545,54.66,15.836,115.4271,7825.459,1359.0,1.6712
2019-07-01,2.4,3.7,101.9408,2.06,209.205,57.35,13.3059,115.0776,8205.5986,1413.0,1.8263
2019-08-01,2.13,3.6,102.639,1.63,210.012,54.81,18.9791,117.1004,7910.9332,1500.0,1.7376
2019-09-01,2.04,3.5,102.2917,1.7,210.82,56.95,15.559,117.3239,8087.6995,1511.0,1.6845
2019-10-01,1.83,3.6,101.4281,1.71,211.717,53.96,15.4665,116.7463,8079.2739,1495.0,1.734
2019-11-01,1.55,3.6,101.9372,1.81,212.755,57.03,12.5235,116.5595,8517.5775,1471.0,2.0923
2019-12-01,1.55,3.6,101.7003,1.86,213.917,59.88,13.7567,115.9096,8778.5914,1479.0,2.3195
2020-01-01,1.55,3.6,101.0338,1.76,214.996,57.52,13.941,115.2794,9233.3595,1561.0,2.5998
2020-02-01,1.58,3.5,101.3735,1.5,215.842,50.54,19.6289,116.7105,9418.8489,1597.0,2.3413
2020-03-01,0.65,4.4,97.4078,0.87,216.39,29.21,57.7368,121.0227,7772.2059,1592.0,1.494
2020-04-01,0.05,14.8,84.5619,0.66,216.793,16.55,41.4538,123.2803,8292.4071,1683.0,0.313
2020-05-01,0.05,13.2,85.9604,0.67,216.919,28.56,30.897,122.615,9105.6555,1716.0,0.1982
2020-06-01,0.08,11.0,91.5934,0.73,217.462,38.31,31.1195,119.6766,9839.97,1732.0,0.7167
2020-07-01,0.09,10.2,95.0256,0.62,219.242,40.71,26.8405,118.69,10499.8627,1847.0,0.9969
2020-08-01,0.1,8.4,95.9549,0.65,222.275,42.34,22.8895,116.9453,11212.2905,1969.0,1.2811
2020-09-01,0.09,7.8,95.9669,0.68,225.727,39.63,27.6476,116.3431,11088.7405,1922.0,1.391
2020-10-01,0.09,6.9,96.7394,0.79,229.657,39.4,29.4386,115.7798,11435.2927,1900.0,1.2304
2020-11-01,0.09,6.7,97.0816,0.87,233.207,40.94,24.9955,114.0984,11794.5155,1866.0,1.1757
2020-12-01,0.09,6.7,98.363,0.93,236.521,47.02,22.3741,111.8992,12619.0509,1858.0,1.3204
2021-01-01,0.09,6.4,98.8822,1.08,239.617,52.0,24.91,111.4873,13186.6058,1867.0,1.3738
2021-02-01,0.08,6.2,95.6149,1.26,242.328,59.04,23.1405,112.0171,13737.4047,1808.0,1.6698
2021-03-01,0.07,6.1,98.3856,1.61,245.418,62.33,21.843,113.3366,13168.8113,1718.0,2.6678
2021-04-01,0.07,6.1,98.5587,1.64,249.0,61.72,17.4162,112.6323,13900.4381,1760.0,4.1331
2021-05-01,0.06,5.8,99.4333,1.62,253.248,65.17,19.7605,111.2123,13520.229,1850.0,4.9183
2021-06-01,0.08,5.9,99.7987,1.52,258.07,71.38,16.9568,111.5777,14097.1691,1835.0,5.2956
2021-07-01,0.1,5.4,100.2519,1.32,262.549,72.49,17.6033,113.0633,14639.0729,1808.0,5.2452
2021-08-01,0.09,5.1,100.0437,1.28,266.635,67.73,17.4727,113.4025,14856.5177,1785.0,5.152
2021-09-01,0.08,4.7,98.8579,1.37,270.208,71.65,19.8248,113.4437,15023.5386,1775.0,5.3512
2021-10-01,0.08,4.5,100.1861,1.58,273.619,81.48,17.8714,114.0635,14879.0124,1777.0,6.235
2021-11-01,0.08,4.1,100.8654,1.56,277.302,79.15,18.5005,114.9898,15814.9329,1822.0,6.902
2021-12-01,0.08,3.9,100.5726,1.47,281.506,71.71,21.3545,115.8045,15474.4318,1790.0,7.1743
2022-01-01,0.08,4.0,100.1856,1.76,286.069,83.22,23.181,115.0373,14531.3775,1816.0,7.5588
2022-02-01,0.08,3.9,100.8064,1.93,291.041,91.64,25.7484,114.9977,13898.7284,1856.0,7.9373
2022-03-01,0.2,3.7,101.3907,2.13,296.254,108.5,26.9687,116.2908,13623.263,1948.0,8.5722
2022-04-01,0.33,3.7,101.44,2.75,300.279,101.78,24.3735,117.1688,13394.163,1937.0,8.2318
2022-05-01,0.77,3.6,101.3335,2.9,303.276,109.55,29.3136,119.6962,11829.7295,1849.0,8.5382
2022-06-01,1.21,3.6,101.018,3.14,304.148,114.84,28.2332,120.0257,11418.919,1837.0,8.9794
2022-07-01,1.68,3.5,101.223,2.9,303.376,101.62,24.9952,122.7512,11622.6315,1733.0,8.4626
2022-08-01,2.33,3.6,101.0963,2.9,301.126,93.67,22.1696,122.3178,12570.2604,1765.0,8.2226
2022-09-01,2.56,3.5,101.2918,3.52,299.126,84.26,27.3418,125.5946,11402.85,1680.78,8.1921
2022-10-01,3.08,3.6,101.2529,3.98,298.759,87.55,30.0057,127.4806,10801.4943,1664.0,7.7588
2022-11-01,3.78,3.6,100.9552,3.89,298.411,84.37,23.2991,124.8527,10973.6381,1725.0,7.1229
2022-12-01,4.1,3.5,99.7664,3.62,297.68,76.44,21.7843,122.2343,10838.9957,1798.0,6.4046
2023-01-01,4.33,3.5,100.505,3.53,297.287,78.12,20.169,119.8101,11013.991,1898.0,6.3272
2023-02-01,4.57,3.6,100.6416,3.75,297.572,76.83,20.1205,120.3084,11785.0742,1855.0,5.9578
2023-03-01,4.65,3.5,101.0205,3.66,298.665,73.28,21.6443,120.745,11637.0922,1913.0,4.9177
2023-04-01,4.83,3.4,101.253,3.46,300.074,79.45,17.8179,119.2451,12073.4647,2000.0,4.9501
2023-05-01,5.06,3.6,100.9286,3.57,302.064,71.58,17.6361,119.6293,12446.5305,1992.0,4.1319
2023-06-01,5.08,3.6,100.1196,3.75,304.155,70.25,14.0032,119.297,13463.7776,1943.0,3.0706
2023-07-01,5.12,3.5,100.9067,3.9,306.563,76.07,13.9324,118.0492,14033.091,1951.0,3.2877
2023-08-01,5.33,3.7,100.8393,4.17,309.217,81.39,15.8539,119.8563,13739.4965,1919.0,3.7225
2023-09-01,5.33,3.7,101.0211,4.38,311.332,89.43,15.1733,121.6455,13585.8415,1916.0,3.6872
2023-10-01,5.33,3.9,100.4689,4.8,313.228,85.64,18.8877,123.4971,13199.4277,1916.0,3.2513
2023-11-01,5.33,3.7,100.8639,4.5,314.02,77.69,14.0191,121.2221,13913.1605,1984.0,3.1333
2023-12-01,5.33,3.8,100.6031,4.02,314.766,71.9,12.7185,119.8331,14690.493,2026.0,3.3159
2024-01-01,5.33,3.7,99.2223,4.06,315.754,74.15,13.3886,120.2274,15081.3881,2034.0,3.0883
2024-02-01,5.33,3.9,100.285,4.21,316.987,77.25,13.9805,121.0659,15808.935,2023.0,3.1571
2024-03-01,5.33,3.9,100.4575,4.21,318.121,81.28,13.7875,120.6588,16216.2955,2158.0,3.4868
2024-04-01,5.33,3.9,100.2434,4.54,319.144,85.35,16.1377,122.1428,15950.8636,2331.0,3.3608
2024-05-01,5.33,3.9,100.863,4.48,319.994,80.02,13.0587,121.8583,16536.3173,2351.0,3.2443
2024-06-01,5.33,4.1,100.894,4.31,320.737,79.77,12.667,123.7095,17495.8916,2326.0,2.9703
2024-07-01,5.33,4.2,99.9757,4.25,321.682,81.8,14.3739,123.3824,17963.2909,2398.0,2.9415
2024-08-01,5.33,4.2,100.4309,3.87,322.557,76.68,19.3123,122.6137,17268.2686,2470.0,2.6071
2024-09-01,5.13,4.1,99.8084,3.72,323.558,70.24,17.6633,121.8849,17599.23,2571.0,2.4265
2024-10-01,4.83,4.1,99.4695,4.1,324.501,71.99,19.9609,123.5953,18316.1157,2690.0,2.5788
2024-11-01,4.64,4.2,99.2925,4.36,325.844,69.95,16.0152,126.3113,18961.4,2651.0,2.7195
2024-12-01,4.48,4.1,100.3273,4.39,327.471,70.12,15.8662,127.5758,19734.5638,2648.0,2.8707
2025-01-01,4.33,4.0,100.0647,4.63,328.925,75.74,16.7636,128.837,19565.044,2710.0,2.991
2025-02-01,4.33,4.2,101.0993,4.45,329.555,71.53,16.968,127.8758,19547.2811,2895.0,2.8016
2025-03-01,4.33,4.2,101.0404,4.28,329.031,68.24,21.8414,126.243,17828.0262,2983.0,2.382
2025-04-01,4.33,4.2,101.1279,4.28,328.172,63.54,31.9662,124.1402,16678.4595,3218.0,2.3254
2025-05-01,4.33,4.3,100.9655,4.42,327.504,62.17,20.4623,122.3422,18642.3681,3309.0,2.3773
2025-06-01,4.33,4.1,101.4785,4.38,326.912,68.17,18.4033,120.5939,19673.3005,3353.0,2.6805
2025-07-01,4.33,4.3,101.894,4.39,326.992,68.39,16.3813,120.1127,20784.8955,3340.0,2.7426
2025-08-01,4.33,4.3,101.6247,4.26,327.38,64.86,15.75,120.5758,21383.5867,3368.0,2.9386
2025-09-01,4.22,4.4,101.668,4.12,327.829,63.96,15.7891,120.0291,22188.5881,3667.68,3.0226
2025-10-01,4.09,,101.2195,4.06,328.822,60.89,18.0865,120.7618,23003.1257,4058.33,
2025-11-01,3.88,4.5,101.0344,4.09,330.099,60.06,19.7695,121.4177,23023.6226,4087.0,2.6964
2025-12-01,3.72,4.4,101.4941,4.14,331.288,57.97,15.5482,120.1883,23377.3273,4309.0,2.6533
2026-01-01,3.64,4.3,101.0388,4.21,332.05,60.04,16.179,119.2298,23520.722,4753.0,2.3912
2026-02-01,3.64,4.4,101.9053,4.13,332.192,64.51,19.207,117.906,22892.9232,5020.0,2.434
2026-03-01,3.64,4.3,101.7543,4.25,331.58,91.38,25.5968,119.9199,22130.0382,4856.0,3.286
2026-04-01,3.64,4.3,102.5198,4.32,331.373,100.32,19.8119,119.0363,23677.0533,4721.0,3.7792
2026-05-01,3.63,4.3,102.5099,4.48,331.45,102.13,17.2371,118.7792,26155.7745,4587.0,4.1666
2026-06-01,3.63,4.2,102.7868,4.47,331.893,84.81,17.9068,120.0834,26074.8471,4228.0,3.4635
2026-07-01,3.63,4.1,102.9939,4.6,,80.46,17.0909,120.597,25623.68,4073.0,3.3039
2026-08-01,,,,,,,15.3311,119.0139,26380.4339,,
